{
  "id": "date-and-time/date-conversion/challenge-1",
  "title": "Date Conversion",
  "description": "Challenge: Date Difference",
  "source": "@site/docs/date-and-time/date-conversion/challenge-1.mdx",
  "sourceDirName": "date-and-time/date-conversion",
  "slug": "/date-and-time/date-conversion/challenge-1",
  "permalink": "/docs/date-and-time/date-conversion/challenge-1",
  "draft": false,
  "unlisted": false,
  "editUrl": "https://github.com/facebook/docusaurus/tree/main/packages/create-docusaurus/templates/shared/docs/date-and-time/date-conversion/challenge-1.mdx",
  "tags": [],
  "version": "current",
  "sidebarPosition": 1,
  "frontMatter": {
    "sidebar_position": 1,
    "sidebar_label": "Challenge 1"
  },
  "sidebar": "tutorialSidebar",
  "previous": {
    "title": "Date Conversion",
    "permalink": "/docs/category/date-conversion"
  },
  "next": {
    "title": "modifying-dates",
    "permalink": "/docs/date-and-time/modifying-dates"
  }
}