{
  "id": "date-and-time/date-object",
  "title": "The Date Object",
  "description": "The JavaScript Date object is a standard built-in object available in the global scope that is used to handle date and time in your applications. It provides methods to create dates, manipulate them, and format output.",
  "source": "@site/docs/date-and-time/date-object.mdx",
  "sourceDirName": "date-and-time",
  "slug": "/date-and-time/date-object",
  "permalink": "/docs/date-and-time/date-object",
  "draft": false,
  "unlisted": false,
  "editUrl": "https://github.com/facebook/docusaurus/tree/main/packages/create-docusaurus/templates/shared/docs/date-and-time/date-object.mdx",
  "tags": [],
  "version": "current",
  "sidebarPosition": 1,
  "frontMatter": {
    "sidebar_position": 1,
    "sidebar_label": "The Date Object"
  },
  "sidebar": "tutorialSidebar",
  "previous": {
    "title": "Date & Time",
    "permalink": "/docs/category/date--time"
  },
  "next": {
    "title": "Date Information",
    "permalink": "/docs/date-and-time/date-information"
  }
}