{
  "id": "date-time-I/date-time-I",
  "title": "Date Conversion",
  "description": "Find the Day of the Week",
  "source": "@site/docs/date-time-I/date-time-I.mdx",
  "sourceDirName": "date-time-I",
  "slug": "/date-time-I/",
  "permalink": "/docs/date-time-I/",
  "draft": false,
  "unlisted": false,
  "editUrl": "https://github.com/facebook/docusaurus/tree/main/packages/create-docusaurus/templates/shared/docs/date-time-I/date-time-I.mdx",
  "tags": [],
  "version": "current",
  "sidebarPosition": 1,
  "frontMatter": {
    "sidebar_position": 1
  },
  "sidebar": "tutorialSidebar",
  "previous": {
    "title": "Date & Time I",
    "permalink": "/docs/category/date--time-i"
  }
}