{
  "id": "date-and-time-I/date-and-time-I",
  "title": "Date and Time I",
  "description": "Find the Day of the Week",
  "source": "@site/docs/date-and-time-I/date-and-time-I.mdx",
  "sourceDirName": "date-and-time-I",
  "slug": "/date-and-time-I/",
  "permalink": "/docs/date-and-time-I/",
  "draft": false,
  "unlisted": false,
  "editUrl": "https://github.com/facebook/docusaurus/tree/main/packages/create-docusaurus/templates/shared/docs/date-and-time-I/date-and-time-I.mdx",
  "tags": [],
  "version": "current",
  "frontMatter": {},
  "sidebar": "tutorialSidebar",
  "previous": {
    "title": "Translate your site",
    "permalink": "/docs/tutorial-extras/translate-your-site"
  }
}