{
  "id": "date-time-I/date-conversion/challenge-1",
  "title": "Date Conversion",
  "description": "Challenge: Days of the Week",
  "source": "@site/docs/date-time-I/date-conversion/challenge-1.mdx",
  "sourceDirName": "date-time-I/date-conversion",
  "slug": "/date-time-I/date-conversion/challenge-1",
  "permalink": "/docs/date-time-I/date-conversion/challenge-1",
  "draft": false,
  "unlisted": false,
  "editUrl": "https://github.com/facebook/docusaurus/tree/main/packages/create-docusaurus/templates/shared/docs/date-time-I/date-conversion/challenge-1.mdx",
  "tags": [],
  "version": "current",
  "sidebarPosition": 1,
  "frontMatter": {
    "sidebar_position": 1,
    "sidebar_label": "Challenge 1"
  },
  "sidebar": "tutorialSidebar",
  "previous": {
    "title": "Date Conversion",
    "permalink": "/docs/category/date-conversion"
  }
}