{
  "id": "date-and-time/date-information",
  "title": "Date Information",
  "description": "Extracting Date Information",
  "source": "@site/docs/date-and-time/date-information.md",
  "sourceDirName": "date-and-time",
  "slug": "/date-and-time/date-information",
  "permalink": "/docs/date-and-time/date-information",
  "draft": false,
  "unlisted": false,
  "editUrl": "https://github.com/facebook/docusaurus/tree/main/packages/create-docusaurus/templates/shared/docs/date-and-time/date-information.md",
  "tags": [],
  "version": "current",
  "sidebarPosition": 2,
  "frontMatter": {
    "sidebar_position": 2,
    "sidebar_label": "Date Information"
  },
  "sidebar": "tutorialSidebar",
  "previous": {
    "title": "The Date Object",
    "permalink": "/docs/date-and-time/date-object"
  },
  "next": {
    "title": "Date Conversion",
    "permalink": "/docs/category/date-conversion"
  }
}