{
  "id": "date-time-I/date-object",
  "title": "Working with the Date Object",
  "description": "The Date object is used to work with dates and times.",
  "source": "@site/docs/date-time-I/date-object.mdx",
  "sourceDirName": "date-time-I",
  "slug": "/date-time-I/date-object",
  "permalink": "/docs/date-time-I/date-object",
  "draft": false,
  "unlisted": false,
  "editUrl": "https://github.com/facebook/docusaurus/tree/main/packages/create-docusaurus/templates/shared/docs/date-time-I/date-object.mdx",
  "tags": [],
  "version": "current",
  "sidebarPosition": 1,
  "frontMatter": {
    "sidebar_position": 1,
    "sidebar_label": "The Date Object"
  },
  "sidebar": "tutorialSidebar",
  "previous": {
    "title": "Date & Time I",
    "permalink": "/docs/category/date--time-i"
  },
  "next": {
    "title": "Date Conversion",
    "permalink": "/docs/category/date-conversion"
  }
}