{
  "id": "date-and-time/modifying-dates",
  "title": "modifying-dates",
  "description": "Modifying Dates",
  "source": "@site/docs/date-and-time/modifying-dates.md",
  "sourceDirName": "date-and-time",
  "slug": "/date-and-time/modifying-dates",
  "permalink": "/docs/date-and-time/modifying-dates",
  "draft": false,
  "unlisted": false,
  "editUrl": "https://github.com/facebook/docusaurus/tree/main/packages/create-docusaurus/templates/shared/docs/date-and-time/modifying-dates.md",
  "tags": [],
  "version": "current",
  "frontMatter": {},
  "sidebar": "tutorialSidebar",
  "previous": {
    "title": "Challenge 1",
    "permalink": "/docs/date-and-time/date-conversion/challenge-1"
  }
}