{"allContent":{"docusaurus-plugin-content-docs":{"default":{"loadedVersions":[{"versionName":"current","label":"Next","banner":null,"badge":false,"noIndex":false,"className":"docs-version-current","path":"/docs","tagsPath":"/docs/tags","editUrl":"https://github.com/facebook/docusaurus/tree/main/packages/create-docusaurus/templates/shared/docs","editUrlLocalized":"https://github.com/facebook/docusaurus/tree/main/packages/create-docusaurus/templates/shared/i18n/en/docusaurus-plugin-content-docs/current","isLast":true,"routePriority":-1,"sidebarFilePath":"/Users/pau1tuck/dev/projects/algobeast-v4/web/sidebars.ts","contentPath":"/Users/pau1tuck/dev/projects/algobeast-v4/web/docs","contentPathLocalized":"/Users/pau1tuck/dev/projects/algobeast-v4/web/i18n/en/docusaurus-plugin-content-docs/current","docs":[{"id":"date-and-time/date-conversion/challenge-1","title":"Date Conversion","description":"Challenge: Date Difference","source":"@site/docs/date-and-time/date-conversion/challenge-1.mdx","sourceDirName":"date-and-time/date-conversion","slug":"/date-and-time/date-conversion/challenge-1","permalink":"/docs/date-and-time/date-conversion/challenge-1","draft":false,"unlisted":false,"editUrl":"https://github.com/facebook/docusaurus/tree/main/packages/create-docusaurus/templates/shared/docs/date-and-time/date-conversion/challenge-1.mdx","tags":[],"version":"current","sidebarPosition":1,"frontMatter":{"sidebar_position":1,"sidebar_label":"Challenge 1"},"sidebar":"tutorialSidebar","previous":{"title":"Date Conversion","permalink":"/docs/category/date-conversion"},"next":{"title":"modifying-dates","permalink":"/docs/date-and-time/modifying-dates"}},{"id":"date-and-time/date-information","title":"Date Information","description":"Extracting Date Information","source":"@site/docs/date-and-time/date-information.md","sourceDirName":"date-and-time","slug":"/date-and-time/date-information","permalink":"/docs/date-and-time/date-information","draft":false,"unlisted":false,"editUrl":"https://github.com/facebook/docusaurus/tree/main/packages/create-docusaurus/templates/shared/docs/date-and-time/date-information.md","tags":[],"version":"current","sidebarPosition":2,"frontMatter":{"sidebar_position":2,"sidebar_label":"Date Information"},"sidebar":"tutorialSidebar","previous":{"title":"The Date Object","permalink":"/docs/date-and-time/date-object"},"next":{"title":"Date Conversion","permalink":"/docs/category/date-conversion"}},{"id":"date-and-time/date-object","title":"The Date Object","description":"The JavaScript Date object is a standard built-in object available in the global scope that is used to handle date and time in your applications. It provides methods to create dates, manipulate them, and format output.","source":"@site/docs/date-and-time/date-object.mdx","sourceDirName":"date-and-time","slug":"/date-and-time/date-object","permalink":"/docs/date-and-time/date-object","draft":false,"unlisted":false,"editUrl":"https://github.com/facebook/docusaurus/tree/main/packages/create-docusaurus/templates/shared/docs/date-and-time/date-object.mdx","tags":[],"version":"current","sidebarPosition":1,"frontMatter":{"sidebar_position":1,"sidebar_label":"The Date Object"},"sidebar":"tutorialSidebar","previous":{"title":"Date & Time","permalink":"/docs/category/date--time"},"next":{"title":"Date Information","permalink":"/docs/date-and-time/date-information"}},{"id":"date-and-time/modifying-dates","title":"modifying-dates","description":"Modifying Dates","source":"@site/docs/date-and-time/modifying-dates.md","sourceDirName":"date-and-time","slug":"/date-and-time/modifying-dates","permalink":"/docs/date-and-time/modifying-dates","draft":false,"unlisted":false,"editUrl":"https://github.com/facebook/docusaurus/tree/main/packages/create-docusaurus/templates/shared/docs/date-and-time/modifying-dates.md","tags":[],"version":"current","frontMatter":{},"sidebar":"tutorialSidebar","previous":{"title":"Challenge 1","permalink":"/docs/date-and-time/date-conversion/challenge-1"}},{"id":"intro","title":"Test Page","description":"<PageWrapper","source":"@site/docs/intro.mdx","sourceDirName":".","slug":"/intro","permalink":"/docs/intro","draft":false,"unlisted":false,"editUrl":"https://github.com/facebook/docusaurus/tree/main/packages/create-docusaurus/templates/shared/docs/intro.mdx","tags":[],"version":"current","sidebarPosition":1,"frontMatter":{"sidebar_position":1},"sidebar":"tutorialSidebar","next":{"title":"Tutorial - Basics","permalink":"/docs/category/tutorial---basics"}},{"id":"tutorial-basics/congratulations","title":"Congratulations!","description":"You have just learned the basics of Docusaurus and made some changes to the initial template.","source":"@site/docs/tutorial-basics/congratulations.md","sourceDirName":"tutorial-basics","slug":"/tutorial-basics/congratulations","permalink":"/docs/tutorial-basics/congratulations","draft":false,"unlisted":false,"editUrl":"https://github.com/facebook/docusaurus/tree/main/packages/create-docusaurus/templates/shared/docs/tutorial-basics/congratulations.md","tags":[],"version":"current","sidebarPosition":6,"frontMatter":{"sidebar_position":6},"sidebar":"tutorialSidebar","previous":{"title":"Deploy your site","permalink":"/docs/tutorial-basics/deploy-your-site"},"next":{"title":"Modulo","permalink":"/docs/category/modulo"}},{"id":"tutorial-basics/create-a-blog-post","title":"Create a Blog Post","description":"Docusaurus creates a page for each blog post, but also a blog index page, a tag system, an RSS feed...","source":"@site/docs/tutorial-basics/create-a-blog-post.md","sourceDirName":"tutorial-basics","slug":"/tutorial-basics/create-a-blog-post","permalink":"/docs/tutorial-basics/create-a-blog-post","draft":false,"unlisted":false,"editUrl":"https://github.com/facebook/docusaurus/tree/main/packages/create-docusaurus/templates/shared/docs/tutorial-basics/create-a-blog-post.md","tags":[],"version":"current","sidebarPosition":3,"frontMatter":{"sidebar_position":3},"sidebar":"tutorialSidebar","previous":{"title":"Create a Document","permalink":"/docs/tutorial-basics/create-a-document"},"next":{"title":"Markdown Features","permalink":"/docs/tutorial-basics/markdown-features"}},{"id":"tutorial-basics/create-a-document","title":"Create a Document","description":"Documents are groups of pages connected through:","source":"@site/docs/tutorial-basics/create-a-document.md","sourceDirName":"tutorial-basics","slug":"/tutorial-basics/create-a-document","permalink":"/docs/tutorial-basics/create-a-document","draft":false,"unlisted":false,"editUrl":"https://github.com/facebook/docusaurus/tree/main/packages/create-docusaurus/templates/shared/docs/tutorial-basics/create-a-document.md","tags":[],"version":"current","sidebarPosition":2,"frontMatter":{"sidebar_position":2},"sidebar":"tutorialSidebar","previous":{"title":"Create a Page","permalink":"/docs/tutorial-basics/create-a-page"},"next":{"title":"Create a Blog Post","permalink":"/docs/tutorial-basics/create-a-blog-post"}},{"id":"tutorial-basics/create-a-page","title":"Create a Page","description":"Add Markdown or React files to src/pages to create a standalone page:","source":"@site/docs/tutorial-basics/create-a-page.md","sourceDirName":"tutorial-basics","slug":"/tutorial-basics/create-a-page","permalink":"/docs/tutorial-basics/create-a-page","draft":false,"unlisted":false,"editUrl":"https://github.com/facebook/docusaurus/tree/main/packages/create-docusaurus/templates/shared/docs/tutorial-basics/create-a-page.md","tags":[],"version":"current","sidebarPosition":1,"frontMatter":{"sidebar_position":1},"sidebar":"tutorialSidebar","previous":{"title":"Tutorial - Basics","permalink":"/docs/category/tutorial---basics"},"next":{"title":"Create a Document","permalink":"/docs/tutorial-basics/create-a-document"}},{"id":"tutorial-basics/deploy-your-site","title":"Deploy your site","description":"Docusaurus is a static-site-generator (also called Jamstack).","source":"@site/docs/tutorial-basics/deploy-your-site.md","sourceDirName":"tutorial-basics","slug":"/tutorial-basics/deploy-your-site","permalink":"/docs/tutorial-basics/deploy-your-site","draft":false,"unlisted":false,"editUrl":"https://github.com/facebook/docusaurus/tree/main/packages/create-docusaurus/templates/shared/docs/tutorial-basics/deploy-your-site.md","tags":[],"version":"current","sidebarPosition":5,"frontMatter":{"sidebar_position":5},"sidebar":"tutorialSidebar","previous":{"title":"Markdown Features","permalink":"/docs/tutorial-basics/markdown-features"},"next":{"title":"Congratulations!","permalink":"/docs/tutorial-basics/congratulations"}},{"id":"tutorial-basics/markdown-features","title":"Markdown Features","description":"Docusaurus supports Markdown and a few additional features.","source":"@site/docs/tutorial-basics/markdown-features.mdx","sourceDirName":"tutorial-basics","slug":"/tutorial-basics/markdown-features","permalink":"/docs/tutorial-basics/markdown-features","draft":false,"unlisted":false,"editUrl":"https://github.com/facebook/docusaurus/tree/main/packages/create-docusaurus/templates/shared/docs/tutorial-basics/markdown-features.mdx","tags":[],"version":"current","sidebarPosition":4,"frontMatter":{"sidebar_position":4},"sidebar":"tutorialSidebar","previous":{"title":"Create a Blog Post","permalink":"/docs/tutorial-basics/create-a-blog-post"},"next":{"title":"Deploy your site","permalink":"/docs/tutorial-basics/deploy-your-site"}},{"id":"tutorial-extras/manage-docs-versions","title":"Manage Docs Versions","description":"Docusaurus can manage multiple versions of your docs.","source":"@site/docs/tutorial-extras/manage-docs-versions.md","sourceDirName":"tutorial-extras","slug":"/tutorial-extras/manage-docs-versions","permalink":"/docs/tutorial-extras/manage-docs-versions","draft":false,"unlisted":false,"editUrl":"https://github.com/facebook/docusaurus/tree/main/packages/create-docusaurus/templates/shared/docs/tutorial-extras/manage-docs-versions.md","tags":[],"version":"current","sidebarPosition":1,"frontMatter":{"sidebar_position":1},"sidebar":"tutorialSidebar","previous":{"title":"Modulo","permalink":"/docs/category/modulo"},"next":{"title":"Translate your site","permalink":"/docs/tutorial-extras/translate-your-site"}},{"id":"tutorial-extras/translate-your-site","title":"Translate your site","description":"Let's translate docs/intro.md to French.","source":"@site/docs/tutorial-extras/translate-your-site.md","sourceDirName":"tutorial-extras","slug":"/tutorial-extras/translate-your-site","permalink":"/docs/tutorial-extras/translate-your-site","draft":false,"unlisted":false,"editUrl":"https://github.com/facebook/docusaurus/tree/main/packages/create-docusaurus/templates/shared/docs/tutorial-extras/translate-your-site.md","tags":[],"version":"current","sidebarPosition":2,"frontMatter":{"sidebar_position":2},"sidebar":"tutorialSidebar","previous":{"title":"Manage Docs Versions","permalink":"/docs/tutorial-extras/manage-docs-versions"},"next":{"title":"Date & Time","permalink":"/docs/category/date--time"}}],"drafts":[],"sidebars":{"tutorialSidebar":[{"type":"doc","id":"intro"},{"type":"category","label":"Tutorial - Basics","collapsible":true,"collapsed":true,"items":[{"type":"doc","id":"tutorial-basics/create-a-page"},{"type":"doc","id":"tutorial-basics/create-a-document"},{"type":"doc","id":"tutorial-basics/create-a-blog-post"},{"type":"doc","id":"tutorial-basics/markdown-features"},{"type":"doc","id":"tutorial-basics/deploy-your-site"},{"type":"doc","id":"tutorial-basics/congratulations"}],"link":{"type":"generated-index","description":"5 minutes to learn the most important Docusaurus concepts.","slug":"/category/tutorial---basics","permalink":"/docs/category/tutorial---basics"}},{"type":"category","label":"Modulo","collapsible":true,"collapsed":true,"items":[{"type":"doc","id":"tutorial-extras/manage-docs-versions"},{"type":"doc","id":"tutorial-extras/translate-your-site"}],"link":{"type":"generated-index","slug":"/category/modulo","permalink":"/docs/category/modulo"}},{"type":"category","label":"Date & Time","collapsible":true,"collapsed":true,"items":[{"type":"doc","id":"date-and-time/date-object","label":"The Date Object"},{"type":"doc","id":"date-and-time/date-information","label":"Date Information"},{"type":"category","label":"Date Conversion","collapsible":true,"collapsed":true,"items":[{"type":"doc","id":"date-and-time/date-conversion/challenge-1","label":"Challenge 1"}],"link":{"type":"generated-index","description":"5 minutes to learn the most important Docusaurus concepts.","slug":"/category/date-conversion","permalink":"/docs/category/date-conversion"}},{"type":"doc","id":"date-and-time/modifying-dates"}],"link":{"type":"generated-index","description":"5 minutes to learn the most important Docusaurus concepts.","slug":"/category/date--time","permalink":"/docs/category/date--time"}}]}}]}},"docusaurus-plugin-content-blog":{"default":{"blogSidebarTitle":"Recent posts","blogPosts":[{"id":"welcome","metadata":{"permalink":"/blog/welcome","editUrl":"https://github.com/facebook/docusaurus/tree/main/packages/create-docusaurus/templates/shared/blog/2021-08-26-welcome/index.md","source":"@site/blog/2021-08-26-welcome/index.md","title":"Welcome","description":"Docusaurus blogging features are powered by the blog plugin.","date":"2021-08-26T00:00:00.000Z","tags":[{"inline":false,"label":"Facebook","permalink":"/blog/tags/facebook","description":"Facebook tag description"},{"inline":false,"label":"Hello","permalink":"/blog/tags/hello","description":"Hello tag description"},{"inline":false,"label":"Docusaurus","permalink":"/blog/tags/docusaurus","description":"Docusaurus tag description"}],"readingTime":0.405,"hasTruncateMarker":false,"authors":[{"name":"Sébastien Lorber","title":"Docusaurus maintainer","url":"https://sebastienlorber.com","socials":{"x":"https://x.com/sebastienlorber","linkedin":"https://www.linkedin.com/in/sebastienlorber/","github":"https://github.com/slorber","newsletter":"https://thisweekinreact.com"},"imageURL":"https://github.com/slorber.png","key":"slorber","page":null},{"name":"Yangshun Tay","title":"Front End Engineer @ Facebook","url":"https://github.com/yangshun","socials":{"x":"https://x.com/yangshunz","github":"https://github.com/yangshun"},"imageURL":"https://github.com/yangshun.png","key":"yangshun","page":null}],"frontMatter":{"slug":"welcome","title":"Welcome","authors":["slorber","yangshun"],"tags":["facebook","hello","docusaurus"]},"unlisted":false,"nextItem":{"title":"MDX Blog Post","permalink":"/blog/mdx-blog-post"}},"content":"[Docusaurus blogging features](https://docusaurus.io/docs/blog) are powered by the [blog plugin](https://docusaurus.io/docs/api/plugins/@docusaurus/plugin-content-blog).\n\nSimply add Markdown files (or folders) to the `blog` directory.\n\nRegular blog authors can be added to `authors.yml`.\n\nThe blog post date can be extracted from filenames, such as:\n\n- `2019-05-30-welcome.md`\n- `2019-05-30-welcome/index.md`\n\nA blog post folder can be convenient to co-locate blog post images:\n\n![Docusaurus Plushie](./docusaurus-plushie-banner.jpeg)\n\nThe blog supports tags as well!\n\n**And if you don't want a blog**: just delete this directory, and use `blog: false` in your Docusaurus config."},{"id":"mdx-blog-post","metadata":{"permalink":"/blog/mdx-blog-post","editUrl":"https://github.com/facebook/docusaurus/tree/main/packages/create-docusaurus/templates/shared/blog/2021-08-01-mdx-blog-post.mdx","source":"@site/blog/2021-08-01-mdx-blog-post.mdx","title":"MDX Blog Post","description":"Blog posts support Docusaurus Markdown features, such as MDX.","date":"2021-08-01T00:00:00.000Z","tags":[{"inline":false,"label":"Docusaurus","permalink":"/blog/tags/docusaurus","description":"Docusaurus tag description"}],"readingTime":0.175,"hasTruncateMarker":false,"authors":[{"name":"Sébastien Lorber","title":"Docusaurus maintainer","url":"https://sebastienlorber.com","socials":{"x":"https://x.com/sebastienlorber","linkedin":"https://www.linkedin.com/in/sebastienlorber/","github":"https://github.com/slorber","newsletter":"https://thisweekinreact.com"},"imageURL":"https://github.com/slorber.png","key":"slorber","page":null}],"frontMatter":{"slug":"mdx-blog-post","title":"MDX Blog Post","authors":["slorber"],"tags":["docusaurus"]},"unlisted":false,"prevItem":{"title":"Welcome","permalink":"/blog/welcome"},"nextItem":{"title":"Long Blog Post","permalink":"/blog/long-blog-post"}},"content":"Blog posts support [Docusaurus Markdown features](https://docusaurus.io/docs/markdown-features), such as [MDX](https://mdxjs.com/).\n\n:::tip\n\nUse the power of React to create interactive blog posts.\n\n```js\n<button onClick={() => alert('button clicked!')}>Click me!</button>\n```\n\n<button onClick={() => alert('button clicked!')}>Click me!</button>\n\n:::"},{"id":"long-blog-post","metadata":{"permalink":"/blog/long-blog-post","editUrl":"https://github.com/facebook/docusaurus/tree/main/packages/create-docusaurus/templates/shared/blog/2019-05-29-long-blog-post.md","source":"@site/blog/2019-05-29-long-blog-post.md","title":"Long Blog Post","description":"This is the summary of a very long blog post,","date":"2019-05-29T00:00:00.000Z","tags":[{"inline":false,"label":"Hello","permalink":"/blog/tags/hello","description":"Hello tag description"},{"inline":false,"label":"Docusaurus","permalink":"/blog/tags/docusaurus","description":"Docusaurus tag description"}],"readingTime":2.05,"hasTruncateMarker":true,"authors":[{"name":"Endilie Yacop Sucipto","title":"Maintainer of Docusaurus","url":"https://github.com/endiliey","imageURL":"https://github.com/endiliey.png","key":"endi","page":null}],"frontMatter":{"slug":"long-blog-post","title":"Long Blog Post","authors":"endi","tags":["hello","docusaurus"]},"unlisted":false,"prevItem":{"title":"MDX Blog Post","permalink":"/blog/mdx-blog-post"},"nextItem":{"title":"First Blog Post","permalink":"/blog/first-blog-post"}},"content":"This is the summary of a very long blog post,\n\nUse a `<!--` `truncate` `-->` comment to limit blog post size in the list view.\n\n<!--truncate-->\n\nLorem ipsum dolor sit amet, consectetur adipiscing elit. Pellentesque elementum dignissim ultricies. Fusce rhoncus ipsum tempor eros aliquam consequat. Lorem ipsum dolor sit amet\n\nLorem ipsum dolor sit amet, consectetur adipiscing elit. Pellentesque elementum dignissim ultricies. Fusce rhoncus ipsum tempor eros aliquam consequat. Lorem ipsum dolor sit amet\n\nLorem ipsum dolor sit amet, consectetur adipiscing elit. Pellentesque elementum dignissim ultricies. Fusce rhoncus ipsum tempor eros aliquam consequat. Lorem ipsum dolor sit amet\n\nLorem ipsum dolor sit amet, consectetur adipiscing elit. Pellentesque elementum dignissim ultricies. Fusce rhoncus ipsum tempor eros aliquam consequat. Lorem ipsum dolor sit amet\n\nLorem ipsum dolor sit amet, consectetur adipiscing elit. Pellentesque elementum dignissim ultricies. Fusce rhoncus ipsum tempor eros aliquam consequat. Lorem ipsum dolor sit amet\n\nLorem ipsum dolor sit amet, consectetur adipiscing elit. Pellentesque elementum dignissim ultricies. Fusce rhoncus ipsum tempor eros aliquam consequat. Lorem ipsum dolor sit amet\n\nLorem ipsum dolor sit amet, consectetur adipiscing elit. Pellentesque elementum dignissim ultricies. Fusce rhoncus ipsum tempor eros aliquam consequat. Lorem ipsum dolor sit amet\n\nLorem ipsum dolor sit amet, consectetur adipiscing elit. Pellentesque elementum dignissim ultricies. Fusce rhoncus ipsum tempor eros aliquam consequat. Lorem ipsum dolor sit amet\n\nLorem ipsum dolor sit amet, consectetur adipiscing elit. Pellentesque elementum dignissim ultricies. Fusce rhoncus ipsum tempor eros aliquam consequat. Lorem ipsum dolor sit amet\n\nLorem ipsum dolor sit amet, consectetur adipiscing elit. Pellentesque elementum dignissim ultricies. Fusce rhoncus ipsum tempor eros aliquam consequat. Lorem ipsum dolor sit amet\n\nLorem ipsum dolor sit amet, consectetur adipiscing elit. Pellentesque elementum dignissim ultricies. Fusce rhoncus ipsum tempor eros aliquam consequat. Lorem ipsum dolor sit amet\n\nLorem ipsum dolor sit amet, consectetur adipiscing elit. Pellentesque elementum dignissim ultricies. Fusce rhoncus ipsum tempor eros aliquam consequat. Lorem ipsum dolor sit amet\n\nLorem ipsum dolor sit amet, consectetur adipiscing elit. Pellentesque elementum dignissim ultricies. Fusce rhoncus ipsum tempor eros aliquam consequat. Lorem ipsum dolor sit amet\n\nLorem ipsum dolor sit amet, consectetur adipiscing elit. Pellentesque elementum dignissim ultricies. Fusce rhoncus ipsum tempor eros aliquam consequat. Lorem ipsum dolor sit amet\n\nLorem ipsum dolor sit amet, consectetur adipiscing elit. Pellentesque elementum dignissim ultricies. Fusce rhoncus ipsum tempor eros aliquam consequat. Lorem ipsum dolor sit amet\n\nLorem ipsum dolor sit amet, consectetur adipiscing elit. Pellentesque elementum dignissim ultricies. Fusce rhoncus ipsum tempor eros aliquam consequat. Lorem ipsum dolor sit amet"},{"id":"first-blog-post","metadata":{"permalink":"/blog/first-blog-post","editUrl":"https://github.com/facebook/docusaurus/tree/main/packages/create-docusaurus/templates/shared/blog/2019-05-28-first-blog-post.md","source":"@site/blog/2019-05-28-first-blog-post.md","title":"First Blog Post","description":"Lorem ipsum dolor sit amet, consectetur adipiscing elit. Pellentesque elementum dignissim ultricies. Fusce rhoncus ipsum tempor eros aliquam consequat. Lorem ipsum dolor sit amet","date":"2019-05-28T00:00:00.000Z","tags":[{"inline":false,"label":"Hola","permalink":"/blog/tags/hola","description":"Hola tag description"},{"inline":false,"label":"Docusaurus","permalink":"/blog/tags/docusaurus","description":"Docusaurus tag description"}],"readingTime":0.12,"hasTruncateMarker":false,"authors":[],"frontMatter":{"slug":"first-blog-post","title":"First Blog Post","tags":["hola","docusaurus"]},"unlisted":false,"prevItem":{"title":"Long Blog Post","permalink":"/blog/long-blog-post"}},"content":"Lorem ipsum dolor sit amet, consectetur adipiscing elit. Pellentesque elementum dignissim ultricies. Fusce rhoncus ipsum tempor eros aliquam consequat. Lorem ipsum dolor sit amet"}],"blogListPaginated":[{"items":["welcome","mdx-blog-post","long-blog-post","first-blog-post"],"metadata":{"permalink":"/blog","page":1,"postsPerPage":10,"totalPages":1,"totalCount":4,"blogDescription":"Blog","blogTitle":"Blog"}}],"blogTags":{"/blog/tags/facebook":{"inline":false,"label":"Facebook","permalink":"/blog/tags/facebook","description":"Facebook tag description","items":["welcome"],"pages":[{"items":["welcome"],"metadata":{"permalink":"/blog/tags/facebook","page":1,"postsPerPage":10,"totalPages":1,"totalCount":1,"blogDescription":"Blog","blogTitle":"Blog"}}],"unlisted":false},"/blog/tags/hello":{"inline":false,"label":"Hello","permalink":"/blog/tags/hello","description":"Hello tag description","items":["welcome","long-blog-post"],"pages":[{"items":["welcome","long-blog-post"],"metadata":{"permalink":"/blog/tags/hello","page":1,"postsPerPage":10,"totalPages":1,"totalCount":2,"blogDescription":"Blog","blogTitle":"Blog"}}],"unlisted":false},"/blog/tags/docusaurus":{"inline":false,"label":"Docusaurus","permalink":"/blog/tags/docusaurus","description":"Docusaurus tag description","items":["welcome","mdx-blog-post","long-blog-post","first-blog-post"],"pages":[{"items":["welcome","mdx-blog-post","long-blog-post","first-blog-post"],"metadata":{"permalink":"/blog/tags/docusaurus","page":1,"postsPerPage":10,"totalPages":1,"totalCount":4,"blogDescription":"Blog","blogTitle":"Blog"}}],"unlisted":false},"/blog/tags/hola":{"inline":false,"label":"Hola","permalink":"/blog/tags/hola","description":"Hola tag description","items":["first-blog-post"],"pages":[{"items":["first-blog-post"],"metadata":{"permalink":"/blog/tags/hola","page":1,"postsPerPage":10,"totalPages":1,"totalCount":1,"blogDescription":"Blog","blogTitle":"Blog"}}],"unlisted":false}},"blogTagsListPath":"/blog/tags","authorsMap":{"endi":{"name":"Endilie Yacop Sucipto","title":"Maintainer of Docusaurus","url":"https://github.com/endiliey","imageURL":"https://github.com/endiliey.png","key":"endi","page":null},"yangshun":{"name":"Yangshun Tay","title":"Front End Engineer @ Facebook","url":"https://github.com/yangshun","socials":{"x":"https://x.com/yangshunz","github":"https://github.com/yangshun"},"imageURL":"https://github.com/yangshun.png","key":"yangshun","page":null},"slorber":{"name":"Sébastien Lorber","title":"Docusaurus maintainer","url":"https://sebastienlorber.com","socials":{"x":"https://x.com/sebastienlorber","linkedin":"https://www.linkedin.com/in/sebastienlorber/","github":"https://github.com/slorber","newsletter":"https://thisweekinreact.com"},"imageURL":"https://github.com/slorber.png","key":"slorber","page":null}}}},"docusaurus-plugin-content-pages":{"default":[{"type":"jsx","permalink":"/forgot","source":"@site/src/pages/forgot.tsx"},{"type":"jsx","permalink":"/","source":"@site/src/pages/index.tsx"},{"type":"jsx","permalink":"/login","source":"@site/src/pages/login.tsx"},{"type":"mdx","permalink":"/markdown-page","source":"@site/src/pages/markdown-page.md","title":"Markdown page example","description":"You don't need React to write simple standalone pages.","frontMatter":{"title":"Markdown page example"},"unlisted":false},{"type":"jsx","permalink":"/register","source":"@site/src/pages/register.tsx"},{"type":"jsx","permalink":"/reset","source":"@site/src/pages/reset.tsx"}]},"docusaurus-plugin-debug":{},"docusaurus-theme-classic":{},"docusaurus-bootstrap-plugin":{},"docusaurus-mdx-fallback-plugin":{}}}