{
  "permalink": "/blog/welcome",
  "editUrl": "https://github.com/facebook/docusaurus/tree/main/packages/create-docusaurus/templates/shared/blog/2021-08-26-welcome/index.md",
  "source": "@site/blog/2021-08-26-welcome/index.md",
  "title": "Welcome",
  "description": "Docusaurus blogging features are powered by the blog plugin.",
  "date": "2021-08-26T00:00:00.000Z",
  "tags": [
    {
      "inline": false,
      "label": "Facebook",
      "permalink": "/blog/tags/facebook",
      "description": "Facebook tag description"
    },
    {
      "inline": false,
      "label": "Hello",
      "permalink": "/blog/tags/hello",
      "description": "Hello tag description"
    },
    {
      "inline": false,
      "label": "Docusaurus",
      "permalink": "/blog/tags/docusaurus",
      "description": "Docusaurus tag description"
    }
  ],
  "readingTime": 0.405,
  "hasTruncateMarker": false,
  "authors": [
    {
      "name": "Sébastien Lorber",
      "title": "Docusaurus maintainer",
      "url": "https://sebastienlorber.com",
      "socials": {
        "x": "https://x.com/sebastienlorber",
        "linkedin": "https://www.linkedin.com/in/sebastienlorber/",
        "github": "https://github.com/slorber",
        "newsletter": "https://thisweekinreact.com"
      },
      "imageURL": "https://github.com/slorber.png",
      "key": "slorber",
      "page": null
    },
    {
      "name": "Yangshun Tay",
      "title": "Front End Engineer @ Facebook",
      "url": "https://github.com/yangshun",
      "socials": {
        "x": "https://x.com/yangshunz",
        "github": "https://github.com/yangshun"
      },
      "imageURL": "https://github.com/yangshun.png",
      "key": "yangshun",
      "page": null
    }
  ],
  "frontMatter": {
    "slug": "welcome",
    "title": "Welcome",
    "authors": [
      "slorber",
      "yangshun"
    ],
    "tags": [
      "facebook",
      "hello",
      "docusaurus"
    ]
  },
  "unlisted": false,
  "nextItem": {
    "title": "MDX Blog Post",
    "permalink": "/blog/mdx-blog-post"
  }
}