{
  "permalink": "/blog/first-blog-post",
  "editUrl": "https://github.com/facebook/docusaurus/tree/main/packages/create-docusaurus/templates/shared/blog/2019-05-28-first-blog-post.md",
  "source": "@site/blog/2019-05-28-first-blog-post.md",
  "title": "First Blog Post",
  "description": "Lorem ipsum dolor sit amet, consectetur adipiscing elit. Pellentesque elementum dignissim ultricies. Fusce rhoncus ipsum tempor eros aliquam consequat. Lorem ipsum dolor sit amet",
  "date": "2019-05-28T00:00:00.000Z",
  "tags": [
    {
      "inline": false,
      "label": "Hola",
      "permalink": "/blog/tags/hola",
      "description": "Hola tag description"
    },
    {
      "inline": false,
      "label": "Docusaurus",
      "permalink": "/blog/tags/docusaurus",
      "description": "Docusaurus tag description"
    }
  ],
  "readingTime": 0.12,
  "hasTruncateMarker": false,
  "authors": [],
  "frontMatter": {
    "slug": "first-blog-post",
    "title": "First Blog Post",
    "tags": [
      "hola",
      "docusaurus"
    ]
  },
  "unlisted": false,
  "prevItem": {
    "title": "Long Blog Post",
    "permalink": "/blog/long-blog-post"
  }
}