{
	"$schema": "https://biomejs.dev/schemas/1.8.3/schema.json",
	"organizeImports": {
		"enabled": true
	},
	"formatter": {
		"enabled": true,
		"formatWithErrors": false,
		"indentStyle": "tab",
		"indentWidth": 4,
		"lineWidth": 80,
		"ignore": []
	},
	"javascript": {
		"formatter": {
			"quoteStyle": "double",
			"jsxQuoteStyle": "double",
			"semicolons": "always"
		}
	},
	"linter": {
		"enabled": true,
		"rules": {
			"correctness": {
				"noUnusedVariables": "warn"
			},
			"style": {
				"noDefaultExport": "off",
				"useNamingConvention": "warn"
			},
			"suspicious": {
				"noConsoleLog": "warn"
			},
			"a11y": {
				"all": false
			},
			"nursery": {}
		}
	}
}
