{
  "/__docusaurus/debug-5ff": {
    "__comp": "__comp---theme-debug-config-23-a-2ff",
    "__context": {
      "plugin": "plugin---docusaurus-debugb-38-ad3"
    }
  },
  "/__docusaurus/debug/config-5ba": {
    "__comp": "__comp---theme-debug-config-23-a-2ff",
    "__context": {
      "plugin": "plugin---docusaurus-debugb-38-ad3"
    }
  },
  "/__docusaurus/debug/content-a2b": {
    "__comp": "__comp---theme-debug-contentba-8-ce7",
    "__context": {
      "plugin": "plugin---docusaurus-debugb-38-ad3"
    },
    "__props": "__props---docusaurus-debug-content-3-c-0-be2"
  },
  "/__docusaurus/debug/globalData-c3c": {
    "__comp": "__comp---theme-debug-global-dataede-0fa",
    "__context": {
      "plugin": "plugin---docusaurus-debugb-38-ad3"
    }
  },
  "/__docusaurus/debug/metadata-156": {
    "__comp": "__comp---theme-debug-site-metadata-68-e-3d4",
    "__context": {
      "plugin": "plugin---docusaurus-debugb-38-ad3"
    }
  },
  "/__docusaurus/debug/registry-88c": {
    "__comp": "__comp---theme-debug-registry-679-501",
    "__context": {
      "plugin": "plugin---docusaurus-debugb-38-ad3"
    }
  },
  "/__docusaurus/debug/routes-000": {
    "__comp": "__comp---theme-debug-routes-946-699",
    "__context": {
      "plugin": "plugin---docusaurus-debugb-38-ad3"
    }
  },
  "/blog-b2f": {
    "__comp": "__comp---theme-blog-list-pagea-6-a-7ba",
    "__context": {
      "plugin": "plugin---blog-369-22e"
    },
    "sidebar": "sidebar---blog-814-8ac",
    "items": [
      {
        "content": "content---blog-766-e3c"
      },
      {
        "content": "content---blogf-4-f-cd7"
      },
      {
        "content": "content---blog-871-381"
      },
      {
        "content": "content---blog-925-e00"
      }
    ],
    "__props": "__props---blogc-15-573"
  },
  "/blog/archive-182": {
    "__comp": "__comp---theme-blog-archive-page-9-e-4-1d8",
    "__context": {
      "plugin": "plugin---blog-369-22e"
    },
    "__props": "__props---blog-archivef-81-229"
  },
  "/blog/authors-0b7": {
    "__comp": "__comp---theme-blog-pages-blog-authors-list-page-621-70c",
    "__context": {
      "data": {
        "blogMetadata": "blogMetadata---blog-authorsace-e7d"
      },
      "plugin": "plugin---blog-369-22e"
    },
    "sidebar": "sidebar---blog-814-8ac",
    "__props": "__props---blog-authorsef-8-44f"
  },
  "/blog/first-blog-post-89a": {
    "__comp": "__comp---theme-blog-post-pageccc-cab",
    "__context": {
      "data": {
        "blogMetadata": "blogMetadata---blog-authorsace-e7d"
      },
      "plugin": "plugin---blog-369-22e"
    },
    "sidebar": "sidebar---blog-814-8ac",
    "content": "content---blog-first-blog-poste-27-4a1"
  },
  "/blog/long-blog-post-9ad": {
    "__comp": "__comp---theme-blog-post-pageccc-cab",
    "__context": {
      "data": {
        "blogMetadata": "blogMetadata---blog-authorsace-e7d"
      },
      "plugin": "plugin---blog-369-22e"
    },
    "sidebar": "sidebar---blog-814-8ac",
    "content": "content---blog-long-blog-post-736-bc7"
  },
  "/blog/mdx-blog-post-e9f": {
    "__comp": "__comp---theme-blog-post-pageccc-cab",
    "__context": {
      "data": {
        "blogMetadata": "blogMetadata---blog-authorsace-e7d"
      },
      "plugin": "plugin---blog-369-22e"
    },
    "sidebar": "sidebar---blog-814-8ac",
    "content": "content---blog-mdx-blog-post-593-37b"
  },
  "/blog/tags-287": {
    "__comp": "__comp---theme-blog-tags-list-page-01-a-d0b",
    "__context": {
      "plugin": "plugin---blog-369-22e"
    },
    "sidebar": "sidebar---blog-814-8ac",
    "__props": "__props---blog-tags-3-a-2-fa2"
  },
  "/blog/tags/docusaurus-704": {
    "__comp": "__comp---theme-blog-tags-posts-page-687-b6c",
    "__context": {
      "plugin": "plugin---blog-369-22e"
    },
    "sidebar": "sidebar---blog-814-8ac",
    "items": [
      {
        "content": "content---blog-766-e3c"
      },
      {
        "content": "content---blogf-4-f-cd7"
      },
      {
        "content": "content---blog-871-381"
      },
      {
        "content": "content---blog-925-e00"
      }
    ],
    "__props": "__props---blog-tags-docusaurus-321-832"
  },
  "/blog/tags/facebook-858": {
    "__comp": "__comp---theme-blog-tags-posts-page-687-b6c",
    "__context": {
      "plugin": "plugin---blog-369-22e"
    },
    "sidebar": "sidebar---blog-814-8ac",
    "items": [
      {
        "content": "content---blog-766-e3c"
      }
    ],
    "__props": "__props---blog-tags-facebooke-5-a-514"
  },
  "/blog/tags/hello-299": {
    "__comp": "__comp---theme-blog-tags-posts-page-687-b6c",
    "__context": {
      "plugin": "plugin---blog-369-22e"
    },
    "sidebar": "sidebar---blog-814-8ac",
    "items": [
      {
        "content": "content---blog-766-e3c"
      },
      {
        "content": "content---blog-871-381"
      }
    ],
    "__props": "__props---blog-tags-hellof-82-2fd"
  },
  "/blog/tags/hola-00d": {
    "__comp": "__comp---theme-blog-tags-posts-page-687-b6c",
    "__context": {
      "plugin": "plugin---blog-369-22e"
    },
    "sidebar": "sidebar---blog-814-8ac",
    "items": [
      {
        "content": "content---blog-925-e00"
      }
    ],
    "__props": "__props---blog-tags-hola-5-e-9-9a3"
  },
  "/blog/welcome-d2b": {
    "__comp": "__comp---theme-blog-post-pageccc-cab",
    "__context": {
      "data": {
        "blogMetadata": "blogMetadata---blog-authorsace-e7d"
      },
      "plugin": "plugin---blog-369-22e"
    },
    "sidebar": "sidebar---blog-814-8ac",
    "content": "content---blog-welcomed-9-f-ffb"
  },
  "/forgot-761": {
    "__comp": "__comp---site-src-pages-forgot-tsxef-4-cce",
    "__context": {
      "plugin": "plugin---forgota-74-048"
    },
    "config": "config---forgot-5-e-9-605"
  },
  "/login-f43": {
    "__comp": "__comp---site-src-pages-login-tsx-34-b-c7d",
    "__context": {
      "plugin": "plugin---forgota-74-048"
    },
    "config": "config---forgot-5-e-9-605"
  },
  "/markdown-page-3d7": {
    "__comp": "__comp---theme-mdx-page-1-f-3-b90",
    "__context": {
      "plugin": "plugin---forgota-74-048"
    },
    "content": "content---markdown-page-393-028"
  },
  "/register-d3a": {
    "__comp": "__comp---site-src-pages-register-tsxa-51-f5f",
    "__context": {
      "plugin": "plugin---forgota-74-048"
    },
    "config": "config---forgot-5-e-9-605"
  },
  "/reset-302": {
    "__comp": "__comp---site-src-pages-reset-tsxaa-6-b59",
    "__context": {
      "plugin": "plugin---forgota-74-048"
    },
    "config": "config---forgot-5-e-9-605"
  },
  "/docs-66b": {
    "__comp": "__comp---theme-docs-root-5-e-9-0b6",
    "__context": {
      "plugin": "plugin---docsaba-d7c"
    }
  },
  "/docs-4d9": {
    "__comp": "__comp---theme-doc-version-roota-7-b-5de",
    "__props": "__props---docs-005-788"
  },
  "/docs-143": {
    "__comp": "__comp---theme-doc-roota-94-67a"
  },
  "/docs/category/date--time-38b": {
    "__comp": "__comp---theme-doc-category-generated-index-page-14-e-640",
    "__props": "__props---docs-category-date-time-74-f-420"
  },
  "/docs/category/date-conversion-fec": {
    "__comp": "__comp---theme-doc-category-generated-index-page-14-e-640",
    "__props": "__props---docs-category-date-conversion-242-b6c"
  },
  "/docs/category/modulo-751": {
    "__comp": "__comp---theme-doc-category-generated-index-page-14-e-640",
    "__props": "__props---docs-category-modulo-3-bf-692"
  },
  "/docs/category/tutorial---basics-20e": {
    "__comp": "__comp---theme-doc-category-generated-index-page-14-e-640",
    "__props": "__props---docs-category-tutorial-basicsc-8-a-e51"
  },
  "/docs/date-and-time/date-conversion/challenge-1-4e7": {
    "__comp": "__comp---theme-doc-item-178-a40",
    "content": "content---docs-date-and-time-date-conversion-challenge-1834-3ad"
  },
  "/docs/date-and-time/date-information-be0": {
    "__comp": "__comp---theme-doc-item-178-a40",
    "content": "content---docs-date-and-time-date-informationfb-9-0b0"
  },
  "/docs/date-and-time/date-object-e33": {
    "__comp": "__comp---theme-doc-item-178-a40",
    "content": "content---docs-date-and-time-date-object-9-df-ba3"
  },
  "/docs/date-and-time/modifying-dates-587": {
    "__comp": "__comp---theme-doc-item-178-a40",
    "content": "content---docs-date-and-time-modifying-dates-972-5da"
  },
  "/docs/intro-89a": {
    "__comp": "__comp---theme-doc-item-178-a40",
    "content": "content---docs-introf-84-2b4"
  },
  "/docs/tutorial-basics/congratulations-458": {
    "__comp": "__comp---theme-doc-item-178-a40",
    "content": "content---docs-tutorial-basics-congratulations-822-958"
  },
  "/docs/tutorial-basics/create-a-blog-post-108": {
    "__comp": "__comp---theme-doc-item-178-a40",
    "content": "content---docs-tutorial-basics-create-a-blog-post-533-e85"
  },
  "/docs/tutorial-basics/create-a-document-8fc": {
    "__comp": "__comp---theme-doc-item-178-a40",
    "content": "content---docs-tutorial-basics-create-a-document-1-e-4-078"
  },
  "/docs/tutorial-basics/create-a-page-951": {
    "__comp": "__comp---theme-doc-item-178-a40",
    "content": "content---docs-tutorial-basics-create-a-page-5-c-8-e19"
  },
  "/docs/tutorial-basics/deploy-your-site-4f5": {
    "__comp": "__comp---theme-doc-item-178-a40",
    "content": "content---docs-tutorial-basics-deploy-your-sitef-55-a3f"
  },
  "/docs/tutorial-basics/markdown-features-b05": {
    "__comp": "__comp---theme-doc-item-178-a40",
    "content": "content---docs-tutorial-basics-markdown-features-18-c-a79"
  },
  "/docs/tutorial-extras/manage-docs-versions-978": {
    "__comp": "__comp---theme-doc-item-178-a40",
    "content": "content---docs-tutorial-extras-manage-docs-versionsdff-6d4"
  },
  "/docs/tutorial-extras/translate-your-site-f9a": {
    "__comp": "__comp---theme-doc-item-178-a40",
    "content": "content---docs-tutorial-extras-translate-your-sitee-44-ddf"
  },
  "/-e5f": {
    "__comp": "__comp---site-src-pages-index-tsx-1-df-d3e",
    "__context": {
      "plugin": "plugin---forgota-74-048"
    },
    "config": "config---forgot-5-e-9-605"
  }
}